{"cameraMode":{"drawMode":0,"name":"Shaded","section":"Shading Mode"},"sceneLighting":true,"audioPlay":false,"sceneViewState":{"showFog":true,"showMaterialUpdate":false,"showSkybox":true,"showFlares":true,"showImageEffects":true,"showParticleSystems":true},"in2DMode":false,"pivot":{"x":0.0,"y":1.2734296321868897,"z":0.730785608291626},"rotation":{"x":-0.09353414177894592,"y":0.7720980048179627,"z":-0.11694122850894928,"w":-0.6176255345344544},"size":12.602323532104493,"orthographic":false}